session_name,decile,state_label,mean_occupancy,sem_occupancy,n_subjects,spearman_rho,spearman_pval
LTM2,0,Fear/Distress,0.0,0.0,17,0.5835893219328621,0.07653771742823344
LTM2,0,Goal-Directed,0.07320261437908497,0.005478122422954318,17,-0.9300954818304988,9.596084056886826e-05
LTM2,0,Quiescent,0.5143790849673203,0.07285896226440605,17,0.23636363636363633,0.5108853175152003
LTM2,0,Social/Appetitive,0.41241830065359475,0.07144429167375321,17,-0.4787878787878787,0.16152292801745594
LTM2,1,Fear/Distress,0.0,0.0,17,0.5835893219328621,0.07653771742823344
LTM2,1,Goal-Directed,0.032679738562091505,0.015032027289516282,17,-0.9300954818304988,9.596084056886826e-05
LTM2,1,Quiescent,0.7446311858076564,0.06545756778329215,17,0.23636363636363633,0.5108853175152003
LTM2,1,Social/Appetitive,0.2226890756302521,0.06881457241317164,17,-0.4787878787878787,0.16152292801745594
LTM2,2,Fear/Distress,0.04575163398692811,0.0457516339869281,17,0.5835893219328621,0.07653771742823344
LTM2,2,Goal-Directed,0.036601307189542485,0.009611399457420093,17,-0.9300954818304988,9.596084056886826e-05
LTM2,2,Quiescent,0.8444444444444444,0.05343162239353151,17,0.23636363636363633,0.5108853175152003
LTM2,2,Social/Appetitive,0.07320261437908497,0.027974123448726556,17,-0.4787878787878787,0.16152292801745594
LTM2,3,Fear/Distress,0.1092436974789916,0.062797206628719,17,0.5835893219328621,0.07653771742823344
LTM2,3,Goal-Directed,0.01680672268907563,0.007574687553495776,17,-0.9300954818304988,9.596084056886826e-05
LTM2,3,Quiescent,0.8403361344537815,0.06473057607256762,17,0.23636363636363633,0.5108853175152003
LTM2,3,Social/Appetitive,0.03361344537815126,0.02618596122066977,17,-0.4787878787878787,0.16152292801745594
LTM2,4,Fear/Distress,0.26750700280112044,0.09170461517065019,17,0.5835893219328621,0.07653771742823344
LTM2,4,Goal-Directed,0.015873015873015872,0.007202263595024048,17,-0.9300954818304988,9.596084056886826e-05
LTM2,4,Quiescent,0.6993464052287582,0.08660618321657401,17,0.23636363636363633,0.5108853175152003
LTM2,4,Social/Appetitive,0.017273576097105506,0.010657405430216173,17,-0.4787878787878787,0.16152292801745594
LTM2,5,Fear/Distress,0.26666666666666666,0.10032626514091005,17,0.5835893219328621,0.07653771742823344
LTM2,5,Goal-Directed,0.0196078431372549,0.009505254622384959,17,-0.9300954818304988,9.596084056886826e-05
LTM2,5,Quiescent,0.7006535947712419,0.09535066281885894,17,0.23636363636363633,0.5108853175152003
LTM2,5,Social/Appetitive,0.0130718954248366,0.007576485698934397,17,-0.4787878787878787,0.16152292801745594
LTM2,6,Fear/Distress,0.20354808590102708,0.07939699748137233,17,0.5835893219328621,0.07653771742823344
LTM2,6,Goal-Directed,0.015873015873015872,0.009454501937945206,17,-0.9300954818304988,9.596084056886826e-05
LTM2,6,Quiescent,0.7623716153127917,0.07929055379395067,17,0.23636363636363633,0.5108853175152003
LTM2,6,Social/Appetitive,0.018207282913165267,0.010905050071706888,17,-0.4787878787878787,0.16152292801745594
LTM2,7,Fear/Distress,0.23137254901960785,0.09550650100358865,17,0.5835893219328621,0.07653771742823344
LTM2,7,Goal-Directed,0.011111111111111112,0.006025846050518227,17,-0.9300954818304988,9.596084056886826e-05
LTM2,7,Quiescent,0.7163398692810458,0.0928993061786268,17,0.23636363636363633,0.5108853175152003
LTM2,7,Social/Appetitive,0.041176470588235294,0.02770848720422414,17,-0.4787878787878787,0.16152292801745594
LTM2,8,Fear/Distress,0.1816059757236228,0.08563277009934696,17,0.5835893219328621,0.07653771742823344
LTM2,8,Goal-Directed,0.012605042016806721,0.006807500733621703,17,-0.9300954818304988,9.596084056886826e-05
LTM2,8,Quiescent,0.7801120448179272,0.08146090321358099,17,0.23636363636363633,0.5108853175152003
LTM2,8,Social/Appetitive,0.025676937441643323,0.012886126636186296,17,-0.4787878787878787,0.16152292801745594
LTM2,9,Fear/Distress,0.11204481792717086,0.056681608390509106,17,0.5835893219328621,0.07653771742823344
LTM2,9,Goal-Directed,0.004201680672268907,0.004201680672268908,17,-0.9300954818304988,9.596084056886826e-05
LTM2,9,Quiescent,0.8370681605975724,0.06504903263323117,17,0.23636363636363633,0.5108853175152003
LTM2,9,Social/Appetitive,0.04668534080298786,0.029491318610107158,17,-0.4787878787878787,0.16152292801745594
contextual_test,0,Fear/Distress,0.0,0.0,12,,
contextual_test,0,Goal-Directed,0.25,0.0,12,0.07926976633148354,0.8276828935177833
contextual_test,0,Quiescent,0.3333333333333333,0.08883363181483768,12,0.7963562622208846,0.005836997302932197
contextual_test,0,Social/Appetitive,0.4166666666666667,0.08883363181483768,12,-0.6687619998624351,0.034485188623283695
contextual_test,1,Fear/Distress,0.0,0.0,12,,
contextual_test,1,Goal-Directed,0.041666666666666664,0.041666666666666664,12,0.07926976633148354,0.8276828935177833
contextual_test,1,Quiescent,0.3125,0.11148532312698059,12,0.7963562622208846,0.005836997302932197
contextual_test,1,Social/Appetitive,0.6458333333333334,0.12484207195209845,12,-0.6687619998624351,0.034485188623283695
contextual_test,2,Fear/Distress,0.0,0.0,12,,
contextual_test,2,Goal-Directed,0.027777777777777776,0.02777777777777778,12,0.07926976633148354,0.8276828935177833
contextual_test,2,Quiescent,0.3333333333333333,0.12974982402692053,12,0.7963562622208846,0.005836997302932197
contextual_test,2,Social/Appetitive,0.6388888888888888,0.13888888888888887,12,-0.6687619998624351,0.034485188623283695
contextual_test,3,Fear/Distress,0.0,0.0,12,,
contextual_test,3,Goal-Directed,0.020833333333333332,0.020833333333333332,12,0.07926976633148354,0.8276828935177833
contextual_test,3,Quiescent,0.4583333333333333,0.12244871117609557,12,0.7963562622208846,0.005836997302932197
contextual_test,3,Social/Appetitive,0.5208333333333334,0.1285788187310127,12,-0.6687619998624351,0.034485188623283695
contextual_test,4,Fear/Distress,0.0,0.0,12,,
contextual_test,4,Goal-Directed,0.0,0.0,12,0.07926976633148354,0.8276828935177833
contextual_test,4,Quiescent,0.5833333333333334,0.13685377681655786,12,0.7963562622208846,0.005836997302932197
contextual_test,4,Social/Appetitive,0.4166666666666667,0.13685377681655786,12,-0.6687619998624351,0.034485188623283695
contextual_test,5,Fear/Distress,0.0,0.0,12,,
contextual_test,5,Goal-Directed,0.0,0.0,12,0.07926976633148354,0.8276828935177833
contextual_test,5,Quiescent,0.5,0.13413584249716495,12,0.7963562622208846,0.005836997302932197
contextual_test,5,Social/Appetitive,0.5,0.13413584249716495,12,-0.6687619998624351,0.034485188623283695
contextual_test,6,Fear/Distress,0.0,0.0,12,,
contextual_test,6,Goal-Directed,0.0625,0.03263956049169335,12,0.07926976633148354,0.8276828935177833
contextual_test,6,Quiescent,0.5625,0.10715412999860331,12,0.7963562622208846,0.005836997302932197
contextual_test,6,Social/Appetitive,0.375,0.11306675421666137,12,-0.6687619998624351,0.034485188623283695
contextual_test,7,Fear/Distress,0.0,0.0,12,,
contextual_test,7,Goal-Directed,0.1111111111111111,0.04737793696791343,12,0.07926976633148354,0.8276828935177833
contextual_test,7,Quiescent,0.6388888888888888,0.11205407945623128,12,0.7963562622208846,0.005836997302932197
contextual_test,7,Social/Appetitive,0.25,0.11695491087787284,12,-0.6687619998624351,0.034485188623283695
contextual_test,8,Fear/Distress,0.0,0.0,12,,
contextual_test,8,Goal-Directed,0.041666666666666664,0.028091660935968422,12,0.07926976633148354,0.8276828935177833
contextual_test,8,Quiescent,0.6041666666666666,0.10861705271923991,12,0.7963562622208846,0.005836997302932197
contextual_test,8,Social/Appetitive,0.3541666666666667,0.11701112569048097,12,-0.6687619998624351,0.034485188623283695
contextual_test,9,Fear/Distress,0.0,0.0,12,,
contextual_test,9,Goal-Directed,0.05555555555555555,0.03745554791462457,12,0.07926976633148354,0.8276828935177833
contextual_test,9,Quiescent,0.5277777777777778,0.13888888888888887,12,0.7963562622208846,0.005836997302932197
contextual_test,9,Social/Appetitive,0.4166666666666667,0.13685377681655786,12,-0.6687619998624351,0.034485188623283695
cue_test,0,Fear/Distress,0.0,0.0,11,0.779199761307608,0.007888892938635227
cue_test,0,Goal-Directed,0.09090909090909091,0.0,11,-0.2317116246612596,0.5194792999574562
cue_test,0,Quiescent,0.6611570247933884,0.08411907867768247,11,-0.22424242424242422,0.5334005612725947
cue_test,0,Social/Appetitive,0.2479338842975207,0.08411907867768247,11,-0.8924133096001623,0.0005138199647844678
cue_test,1,Fear/Distress,0.0,0.0,11,0.779199761307608,0.007888892938635227
cue_test,1,Goal-Directed,0.01652892561983471,0.016528925619834715,11,-0.2317116246612596,0.5194792999574562
cue_test,1,Quiescent,0.8099173553719009,0.09128397534865505,11,-0.22424242424242422,0.5334005612725947
cue_test,1,Social/Appetitive,0.17355371900826447,0.08793015588939097,11,-0.8924133096001623,0.0005138199647844678
cue_test,2,Fear/Distress,0.0,0.0,11,0.779199761307608,0.007888892938635227
cue_test,2,Goal-Directed,0.024793388429752063,0.012803250731264188,11,-0.2317116246612596,0.5194792999574562
cue_test,2,Quiescent,0.8429752066115703,0.06261387413182086,11,-0.22424242424242422,0.5334005612725947
cue_test,2,Social/Appetitive,0.1322314049586777,0.052529747378746126,11,-0.8924133096001623,0.0005138199647844678
cue_test,3,Fear/Distress,0.04132231404958678,0.033263821152889436,11,0.779199761307608,0.007888892938635227
cue_test,3,Goal-Directed,0.04132231404958678,0.01431446948404031,11,-0.2317116246612596,0.5194792999574562
cue_test,3,Quiescent,0.884297520661157,0.03893956690707354,11,-0.22424242424242422,0.5334005612725947
cue_test,3,Social/Appetitive,0.03305785123966942,0.018479900640494134,11,-0.8924133096001623,0.0005138199647844678
cue_test,4,Fear/Distress,0.23636363636363636,0.12230567315521557,11,0.779199761307608,0.007888892938635227
cue_test,4,Goal-Directed,0.03636363636363637,0.020327890704543543,11,-0.2317116246612596,0.5194792999574562
cue_test,4,Quiescent,0.6727272727272727,0.12067304368032812,11,-0.22424242424242422,0.5334005612725947
cue_test,4,Social/Appetitive,0.05454545454545454,0.045454545454545456,11,-0.8924133096001623,0.0005138199647844678
cue_test,5,Fear/Distress,0.19008264462809918,0.10577220995554483,11,0.779199761307608,0.007888892938635227
cue_test,5,Goal-Directed,0.04958677685950413,0.01431446948404031,11,-0.2317116246612596,0.5194792999574562
cue_test,5,Quiescent,0.7272727272727273,0.10544884567098566,11,-0.22424242424242422,0.5334005612725947
cue_test,5,Social/Appetitive,0.03305785123966942,0.03305785123966943,11,-0.8924133096001623,0.0005138199647844678
cue_test,6,Fear/Distress,0.12396694214876032,0.08862649003936866,11,0.779199761307608,0.007888892938635227
cue_test,6,Goal-Directed,0.03305785123966942,0.013829091347670672,11,-0.2317116246612596,0.5194792999574562
cue_test,6,Quiescent,0.8347107438016529,0.08476615804930965,11,-0.22424242424242422,0.5334005612725947
cue_test,6,Social/Appetitive,0.008264462809917356,0.008264462809917357,11,-0.8924133096001623,0.0005138199647844678
cue_test,7,Fear/Distress,0.3388429752066116,0.1435259064204457,11,0.779199761307608,0.007888892938635227
cue_test,7,Goal-Directed,0.01652892561983471,0.01108794038429648,11,-0.2317116246612596,0.5194792999574562
cue_test,7,Quiescent,0.6363636363636364,0.13814266517951676,11,-0.22424242424242422,0.5334005612725947
cue_test,7,Social/Appetitive,0.008264462809917356,0.008264462809917357,11,-0.8924133096001623,0.0005138199647844678
cue_test,8,Fear/Distress,0.2809917355371901,0.12588054720436212,11,0.779199761307608,0.007888892938635227
cue_test,8,Goal-Directed,0.04132231404958678,0.01431446948404031,11,-0.2317116246612596,0.5194792999574562
cue_test,8,Quiescent,0.6694214876033058,0.11901974232988226,11,-0.22424242424242422,0.5334005612725947
cue_test,8,Social/Appetitive,0.008264462809917356,0.008264462809917357,11,-0.8924133096001623,0.0005138199647844678
cue_test,9,Fear/Distress,0.18181818181818182,0.12196734422726124,11,0.779199761307608,0.007888892938635227
cue_test,9,Goal-Directed,0.018181818181818184,0.012196734422726126,11,-0.2317116246612596,0.5194792999574562
cue_test,9,Quiescent,0.7818181818181817,0.11818181818181818,11,-0.22424242424242422,0.5334005612725947
cue_test,9,Social/Appetitive,0.018181818181818184,0.012196734422726126,11,-0.8924133096001623,0.0005138199647844678
extinction1,0,Fear/Distress,0.01358695652173913,0.01358695652173913,16,-0.3939393939393939,0.25999776683488757
extinction1,0,Goal-Directed,0.02839673913043478,0.0034217676930407732,16,-0.7212121212121211,0.01857315508946023
extinction1,0,Quiescent,0.9281476449275362,0.01802418546488385,16,0.7575757575757575,0.011143446799694208
extinction1,0,Social/Appetitive,0.029868659420289857,0.012667650186555903,16,0.0,1.0
extinction1,1,Fear/Distress,0.16130514705882354,0.07485878173961626,16,-0.3939393939393939,0.25999776683488757
extinction1,1,Goal-Directed,0.01976102941176471,0.007223079656333692,16,-0.7212121212121211,0.01857315508946023
extinction1,1,Quiescent,0.814889705882353,0.0727311912361761,16,0.7575757575757575,0.011143446799694208
extinction1,1,Social/Appetitive,0.004044117647058824,0.002240335517177529,16,0.0,1.0
extinction1,2,Fear/Distress,0.1767001114827202,0.07961094413655116,16,-0.3939393939393939,0.25999776683488757
extinction1,2,Goal-Directed,0.016095317725752508,0.006019007667595814,16,-0.7212121212121211,0.01857315508946023
extinction1,2,Quiescent,0.8017697881828316,0.07691723454552733,16,0.7575757575757575,0.011143446799694208
extinction1,2,Social/Appetitive,0.005434782608695652,0.005434782608695652,16,0.0,1.0
extinction1,3,Fear/Distress,0.15625,0.07148714052256024,16,-0.3939393939393939,0.25999776683488757
extinction1,3,Goal-Directed,0.013878676470588235,0.004669684522481582,16,-0.7212121212121211,0.01857315508946023
extinction1,3,Quiescent,0.828952205882353,0.0694742986878216,16,0.7575757575757575,0.011143446799694208
extinction1,3,Social/Appetitive,0.0009191176470588235,0.0009191176470588235,16,0.0,1.0
extinction1,4,Fear/Distress,0.06759049773755656,0.04376581925375317,16,-0.3939393939393939,0.25999776683488757
extinction1,4,Goal-Directed,0.01812311463046757,0.007243146174988743,16,-0.7212121212121211,0.01857315508946023
extinction1,4,Quiescent,0.913367269984917,0.043260645119342835,16,0.7575757575757575,0.011143446799694208
extinction1,4,Social/Appetitive,0.0009191176470588235,0.0009191176470588235,16,0.0,1.0
extinction1,5,Fear/Distress,0.09399909420289855,0.04612559773884777,16,-0.3939393939393939,0.25999776683488757
extinction1,5,Goal-Directed,0.017527173913043478,0.005861459166020474,16,-0.7212121212121211,0.01857315508946023
extinction1,5,Quiescent,0.8866621376811594,0.04458811686749411,16,0.7575757575757575,0.011143446799694208
extinction1,5,Social/Appetitive,0.0018115942028985507,0.001237554440333285,16,0.0,1.0
extinction1,6,Fear/Distress,0.05514705882352941,0.031007565955458713,16,-0.3939393939393939,0.25999776683488757
extinction1,6,Goal-Directed,0.010845588235294117,0.0037800959745357353,16,-0.7212121212121211,0.01857315508946023
extinction1,6,Quiescent,0.9303308823529411,0.029799187031226707,16,0.7575757575757575,0.011143446799694208
extinction1,6,Social/Appetitive,0.003676470588235294,0.002511507540676372,16,0.0,1.0
extinction1,7,Fear/Distress,0.023690078037904124,0.014077866459113077,16,-0.3939393939393939,0.25999776683488757
extinction1,7,Goal-Directed,0.01386566332218506,0.005015657789922797,16,-0.7212121212121211,0.01857315508946023
extinction1,7,Quiescent,0.959726867335563,0.013703336291292988,16,0.7575757575757575,0.011143446799694208
extinction1,7,Social/Appetitive,0.002717391304347826,0.0019706725690918745,16,0.0,1.0
extinction1,8,Fear/Distress,0.04485294117647059,0.038692123873302564,16,-0.3939393939393939,0.25999776683488757
extinction1,8,Goal-Directed,0.017279411764705883,0.004769975601967786,16,-0.7212121212121211,0.01857315508946023
extinction1,8,Quiescent,0.930514705882353,0.03782169303778615,16,0.7575757575757575,0.011143446799694208
extinction1,8,Social/Appetitive,0.007352941176470588,0.005695563744422672,16,0.0,1.0
extinction1,9,Fear/Distress,0.026654411764705885,0.02080673402867502,16,-0.3939393939393939,0.25999776683488757
extinction1,9,Goal-Directed,0.009874622926093514,0.0038938272947666316,16,-0.7212121212121211,0.01857315508946023
extinction1,9,Quiescent,0.9575084841628959,0.021279960223839132,16,0.7575757575757575,0.011143446799694208
extinction1,9,Social/Appetitive,0.005962481146304675,0.0033494230044975467,16,0.0,1.0
extinction2,0,Fear/Distress,0.0035714285714285718,0.0035714285714285726,14,-0.5896923870743754,0.07277136120108077
extinction2,0,Goal-Directed,0.0375,0.007295753694994232,14,0.16363636363636364,0.6514773427962428
extinction2,0,Quiescent,0.7571428571428571,0.056295224276088754,14,0.32826899358723494,0.35441832701832515
extinction2,0,Social/Appetitive,0.2017857142857143,0.056480102357586,14,0.32218993815043423,0.3639270759675106
extinction2,1,Fear/Distress,0.09999999999999999,0.05440739687914536,14,-0.5896923870743754,0.07277136120108077
extinction2,1,Goal-Directed,0.0125,0.004345959346031972,14,0.16363636363636364,0.6514773427962428
extinction2,1,Quiescent,0.8339285714285715,0.06182921037735296,14,0.32826899358723494,0.35441832701832515
extinction2,1,Social/Appetitive,0.05357142857142857,0.038592790177559955,14,0.32218993815043423,0.3639270759675106
extinction2,2,Fear/Distress,0.031135531135531136,0.014766039832048628,14,-0.5896923870743754,0.07277136120108077
extinction2,2,Goal-Directed,0.01098901098901099,0.004428355493238014,14,0.16363636363636364,0.6514773427962428
extinction2,2,Quiescent,0.9047619047619048,0.02707041110053638,14,0.32826899358723494,0.35441832701832515
extinction2,2,Social/Appetitive,0.05311355311355311,0.025565440258025356,14,0.32218993815043423,0.3639270759675106
extinction2,3,Fear/Distress,0.0035714285714285718,0.0035714285714285726,14,-0.5896923870743754,0.07277136120108077
extinction2,3,Goal-Directed,0.019642857142857146,0.0065142339018568005,14,0.16363636363636364,0.6514773427962428
extinction2,3,Quiescent,0.9232142857142858,0.01986636081404243,14,0.32826899358723494,0.35441832701832515
extinction2,3,Social/Appetitive,0.05357142857142857,0.018318223162823798,14,0.32218993815043423,0.3639270759675106
extinction2,4,Fear/Distress,0.0,0.0,14,-0.5896923870743754,0.07277136120108077
extinction2,4,Goal-Directed,0.029304029304029304,0.010005793690935308,14,0.16363636363636364,0.6514773427962428
extinction2,4,Quiescent,0.9065934065934066,0.04288940175457232,14,0.32826899358723494,0.35441832701832515
extinction2,4,Social/Appetitive,0.06410256410256411,0.041705933336631494,14,0.32218993815043423,0.3639270759675106
extinction2,5,Fear/Distress,0.0,0.0,14,-0.5896923870743754,0.07277136120108077
extinction2,5,Goal-Directed,0.03035714285714286,0.01021021205172974,14,0.16363636363636364,0.6514773427962428
extinction2,5,Quiescent,0.9053571428571429,0.055481073611118835,14,0.32826899358723494,0.35441832701832515
extinction2,5,Social/Appetitive,0.0642857142857143,0.05495466948847138,14,0.32218993815043423,0.3639270759675106
extinction2,6,Fear/Distress,0.012499999999999999,0.012499999999999997,14,-0.5896923870743754,0.07277136120108077
extinction2,6,Goal-Directed,0.02142857142857143,0.006342525483854503,14,0.16363636363636364,0.6514773427962428
extinction2,6,Quiescent,0.8857142857142858,0.05679841243055199,14,0.32826899358723494,0.35441832701832515
extinction2,6,Social/Appetitive,0.08035714285714286,0.05796328955154109,14,0.32218993815043423,0.3639270759675106
extinction2,7,Fear/Distress,0.0,0.0,14,-0.5896923870743754,0.07277136120108077
extinction2,7,Goal-Directed,0.031135531135531136,0.009380216681722911,14,0.16363636363636364,0.6514773427962428
extinction2,7,Quiescent,0.9010989010989011,0.04568317210689834,14,0.32826899358723494,0.35441832701832515
extinction2,7,Social/Appetitive,0.06776556776556776,0.047142532023067736,14,0.32218993815043423,0.3639270759675106
extinction2,8,Fear/Distress,0.0,0.0,14,-0.5896923870743754,0.07277136120108077
extinction2,8,Goal-Directed,0.026785714285714284,0.008062379445510543,14,0.16363636363636364,0.6514773427962428
extinction2,8,Quiescent,0.9,0.049724515809884684,14,0.32826899358723494,0.35441832701832515
extinction2,8,Social/Appetitive,0.0732142857142857,0.05010046813532121,14,0.32218993815043423,0.3639270759675106
extinction2,9,Fear/Distress,0.0018315018315018315,0.001831501831501832,14,-0.5896923870743754,0.07277136120108077
extinction2,9,Goal-Directed,0.02564102564102564,0.00969139674382634,14,0.16363636363636364,0.6514773427962428
extinction2,9,Quiescent,0.9065934065934066,0.03060054527099083,14,0.32826899358723494,0.35441832701832515
extinction2,9,Social/Appetitive,0.06593406593406594,0.03222290323809272,14,0.32218993815043423,0.3639270759675106
extinction3,0,Fear/Distress,0.011764705882352941,0.01176470588235294,17,-0.7191012094028307,0.019088229989839226
extinction3,0,Goal-Directed,0.048529411764705876,0.0069367508323945615,17,-0.13939393939393938,0.7009318849100584
extinction3,0,Quiescent,0.7044117647058823,0.05243322495884432,17,0.6363636363636362,0.04791172612997544
extinction3,0,Social/Appetitive,0.23529411764705882,0.05167501420827677,17,-0.34545454545454546,0.3282265114713672
extinction3,1,Fear/Distress,0.075,0.04095594835774595,17,-0.7191012094028307,0.019088229989839226
extinction3,1,Goal-Directed,0.02058823529411765,0.0053530219774121455,17,-0.13939393939393938,0.7009318849100584
extinction3,1,Quiescent,0.8426470588235294,0.04690634764961976,17,0.6363636363636362,0.04791172612997544
extinction3,1,Social/Appetitive,0.061764705882352944,0.0297135255164364,17,-0.34545454545454546,0.3282265114713672
extinction3,2,Fear/Distress,0.04524886877828054,0.031057707815948715,17,-0.7191012094028307,0.019088229989839226
extinction3,2,Goal-Directed,0.027149321266968323,0.006399156390828485,17,-0.13939393939393938,0.7009318849100584
extinction3,2,Quiescent,0.8929110105580693,0.03218188279540251,17,0.6363636363636362,0.04791172612997544
extinction3,2,Social/Appetitive,0.03469079939668175,0.01389556996431997,17,-0.34545454545454546,0.3282265114713672
extinction3,3,Fear/Distress,0.007352941176470588,0.007352941176470589,17,-0.7191012094028307,0.019088229989839226
extinction3,3,Goal-Directed,0.027941176470588237,0.007071832375614465,17,-0.13939393939393938,0.7009318849100584
extinction3,3,Quiescent,0.9397058823529412,0.014229413588502668,17,0.6363636363636362,0.04791172612997544
extinction3,3,Social/Appetitive,0.025,0.009344312519955027,17,-0.34545454545454546,0.3282265114713672
extinction3,4,Fear/Distress,0.0,0.0,17,-0.7191012094028307,0.019088229989839226
extinction3,4,Goal-Directed,0.024132730015082954,0.00600956917440016,17,-0.13939393939393938,0.7009318849100584
extinction3,4,Quiescent,0.9321266968325792,0.01702270488732385,17,0.6363636363636362,0.04791172612997544
extinction3,4,Social/Appetitive,0.04374057315233786,0.016565522350293207,17,-0.34545454545454546,0.3282265114713672
extinction3,5,Fear/Distress,0.0,0.0,17,-0.7191012094028307,0.019088229989839226
extinction3,5,Goal-Directed,0.024999999999999998,0.006779076806833006,17,-0.13939393939393938,0.7009318849100584
extinction3,5,Quiescent,0.9588235294117647,0.008823529411764702,17,0.6363636363636362,0.04791172612997544
extinction3,5,Social/Appetitive,0.016176470588235296,0.007090919677200703,17,-0.34545454545454546,0.3282265114713672
extinction3,6,Fear/Distress,0.0029411764705882353,0.002941176470588235,17,-0.7191012094028307,0.019088229989839226
extinction3,6,Goal-Directed,0.029411764705882353,0.007798971851322216,17,-0.13939393939393938,0.7009318849100584
extinction3,6,Quiescent,0.9323529411764706,0.026146918215727278,17,0.6363636363636362,0.04791172612997544
extinction3,6,Social/Appetitive,0.03529411764705883,0.024541645982762702,17,-0.34545454545454546,0.3282265114713672
extinction3,7,Fear/Distress,0.007541478129713423,0.007541478129713422,17,-0.7191012094028307,0.019088229989839226
extinction3,7,Goal-Directed,0.021116138763197588,0.005914173130225536,17,-0.13939393939393938,0.7009318849100584
extinction3,7,Quiescent,0.9245852187028658,0.02651877974738649,17,0.6363636363636362,0.04791172612997544
extinction3,7,Social/Appetitive,0.04675716440422323,0.020535820217481297,17,-0.34545454545454546,0.3282265114713672
extinction3,8,Fear/Distress,0.0,0.0,17,-0.7191012094028307,0.019088229989839226
extinction3,8,Goal-Directed,0.03235294117647059,0.008777453225230384,17,-0.13939393939393938,0.7009318849100584
extinction3,8,Quiescent,0.9029411764705882,0.02589237773773384,17,0.6363636363636362,0.04791172612997544
extinction3,8,Social/Appetitive,0.06470588235294118,0.026951312953104784,17,-0.34545454545454546,0.3282265114713672
extinction3,9,Fear/Distress,0.0,0.0,17,-0.7191012094028307,0.019088229989839226
extinction3,9,Goal-Directed,0.02262443438914027,0.005768121621711295,17,-0.13939393939393938,0.7009318849100584
extinction3,9,Quiescent,0.9622926093514328,0.00796331526468434,17,0.6363636363636362,0.04791172612997544
extinction3,9,Social/Appetitive,0.015082956259426846,0.005841603840433509,17,-0.34545454545454546,0.3282265114713672
extinction4,0,Fear/Distress,0.0058823529411764705,0.0026511406437235217,17,0.8814630383360936,0.0007468608372274938
extinction4,0,Goal-Directed,0.05,0.008302639551938395,17,-0.8206724839680872,0.003621705638366573
extinction4,0,Quiescent,0.7676470588235293,0.047442142873348636,17,0.7696969696969697,0.009221952722215994
extinction4,0,Social/Appetitive,0.17647058823529413,0.04843462222168957,17,-0.6848484848484848,0.028882797506732765
extinction4,1,Fear/Distress,0.0014705882352941176,0.0014705882352941174,17,0.8814630383360936,0.0007468608372274938
extinction4,1,Goal-Directed,0.03235294117647059,0.007659068623529286,17,-0.8206724839680872,0.003621705638366573
extinction4,1,Quiescent,0.9102941176470588,0.04419723213867271,17,0.7696969696969697,0.009221952722215994
extinction4,1,Social/Appetitive,0.05588235294117647,0.04252645217918015,17,-0.6848484848484848,0.028882797506732765
extinction4,2,Fear/Distress,0.0060331825037707384,0.0027191186089472017,17,0.8814630383360936,0.0007468608372274938
extinction4,2,Goal-Directed,0.03770739064856712,0.0076537643778976025,17,-0.8206724839680872,0.003621705638366573
extinction4,2,Quiescent,0.9155354449472096,0.029479366946745196,17,0.7696969696969697,0.009221952722215994
extinction4,2,Social/Appetitive,0.04072398190045249,0.02807618471943633,17,-0.6848484848484848,0.028882797506732765
extinction4,3,Fear/Distress,0.004411764705882354,0.003205072752603437,17,0.8814630383360936,0.0007468608372274938
extinction4,3,Goal-Directed,0.03382352941176471,0.007090919677200702,17,-0.8206724839680872,0.003621705638366573
extinction4,3,Quiescent,0.9117647058823529,0.03457446454561396,17,0.7696969696969697,0.009221952722215994
extinction4,3,Social/Appetitive,0.049999999999999996,0.03375953024484998,17,-0.6848484848484848,0.028882797506732765
extinction4,4,Fear/Distress,0.0060331825037707384,0.003496839553354338,17,0.8814630383360936,0.0007468608372274938
extinction4,4,Goal-Directed,0.04374057315233786,0.009774872848277313,17,-0.8206724839680872,0.003621705638366573
extinction4,4,Quiescent,0.9170437405731523,0.025216068623379315,17,0.7696969696969697,0.009221952722215994
extinction4,4,Social/Appetitive,0.033182503770739065,0.025524310710061004,17,-0.6848484848484848,0.028882797506732765
extinction4,5,Fear/Distress,0.010294117647058825,0.004318875045761297,17,0.8814630383360936,0.0007468608372274938
extinction4,5,Goal-Directed,0.03235294117647059,0.007659068623529286,17,-0.8206724839680872,0.003621705638366573
extinction4,5,Quiescent,0.9367647058823529,0.015476150867536167,17,0.7696969696969697,0.009221952722215994
extinction4,5,Social/Appetitive,0.02058823529411765,0.012725050220497634,17,-0.6848484848484848,0.028882797506732765
extinction4,6,Fear/Distress,0.007352941176470588,0.0035644704833943594,17,0.8814630383360936,0.0007468608372274938
extinction4,6,Goal-Directed,0.029411764705882353,0.006151911959809379,17,-0.8206724839680872,0.003621705638366573
extinction4,6,Quiescent,0.9382352941176471,0.020350518386908892,17,0.7696969696969697,0.009221952722215994
extinction4,6,Social/Appetitive,0.024999999999999998,0.01868862503991005,17,-0.6848484848484848,0.028882797506732765
extinction4,7,Fear/Distress,0.007541478129713423,0.003655867162455753,17,0.8814630383360936,0.0007468608372274938
extinction4,7,Goal-Directed,0.027149321266968323,0.006766349338207527,17,-0.8206724839680872,0.003621705638366573
extinction4,7,Quiescent,0.9291101055806938,0.022905494039950885,17,0.7696969696969697,0.009221952722215994
extinction4,7,Social/Appetitive,0.03619909502262444,0.02221218171195044,17,-0.6848484848484848,0.028882797506732765
extinction4,8,Fear/Distress,0.011764705882352941,0.006107811663910349,17,0.8814630383360936,0.0007468608372274938
extinction4,8,Goal-Directed,0.027941176470588237,0.006739081904346823,17,-0.8206724839680872,0.003621705638366573
extinction4,8,Quiescent,0.9323529411764706,0.02276444938295988,17,0.7696969696969697,0.009221952722215994
extinction4,8,Social/Appetitive,0.027941176470588237,0.02195440974534355,17,-0.6848484848484848,0.028882797506732765
extinction4,9,Fear/Distress,0.010558069381598794,0.00494527792179638,17,0.8814630383360936,0.0007468608372274938
extinction4,9,Goal-Directed,0.02865761689291101,0.007253161410886631,17,-0.8206724839680872,0.003621705638366573
extinction4,9,Quiescent,0.9260935143288085,0.017846394519154193,17,0.7696969696969697,0.009221952722215994
extinction4,9,Social/Appetitive,0.034690799396681744,0.017443489451312785,17,-0.6848484848484848,0.028882797506732765
generalization_5k,0,Fear/Distress,0.0,0.0,12,0.7531234192521683,0.011914859098813416
generalization_5k,0,Goal-Directed,0.0909090909090909,4.1843104616990316e-18,12,-0.28135740664340325,0.43098191942183434
generalization_5k,0,Quiescent,0.5151515151515151,0.09776703869870725,12,0.5757575757575757,0.08155281477260244
generalization_5k,0,Social/Appetitive,0.393939393939394,0.09776703869870725,12,-0.6930123197952736,0.026292878178805112
generalization_5k,1,Fear/Distress,0.0,0.0,12,0.7531234192521683,0.011914859098813416
generalization_5k,1,Goal-Directed,0.007575757575757576,0.007575757575757578,12,-0.28135740664340325,0.43098191942183434
generalization_5k,1,Quiescent,0.6136363636363636,0.11581925433376894,12,0.5757575757575757,0.08155281477260244
generalization_5k,1,Social/Appetitive,0.37878787878787884,0.11292245905817949,12,-0.6930123197952736,0.026292878178805112
generalization_5k,2,Fear/Distress,0.0,0.0,12,0.7531234192521683,0.011914859098813416
generalization_5k,2,Goal-Directed,0.05303030303030303,0.020809841501016706,12,-0.28135740664340325,0.43098191942183434
generalization_5k,2,Quiescent,0.6893939393939394,0.07627235569386905,12,0.5757575757575757,0.08155281477260244
generalization_5k,2,Social/Appetitive,0.25757575757575757,0.07899422015944721,12,-0.6930123197952736,0.026292878178805112
generalization_5k,3,Fear/Distress,0.0,0.0,12,0.7531234192521683,0.011914859098813416
generalization_5k,3,Goal-Directed,0.04545454545454545,0.017693157821852795,12,-0.28135740664340325,0.43098191942183434
generalization_5k,3,Quiescent,0.8712121212121212,0.0410516849609538,12,0.5757575757575757,0.08155281477260244
generalization_5k,3,Social/Appetitive,0.08333333333333333,0.039497110079723605,12,-0.6930123197952736,0.026292878178805112
generalization_5k,4,Fear/Distress,0.0,0.0,12,0.7531234192521683,0.011914859098813416
generalization_5k,4,Goal-Directed,0.041666666666666664,0.01486470975026408,12,-0.28135740664340325,0.43098191942183434
generalization_5k,4,Quiescent,0.8166666666666668,0.06493975452041467,12,0.5757575757575757,0.08155281477260244
generalization_5k,4,Social/Appetitive,0.14166666666666666,0.06450080259464634,12,-0.6930123197952736,0.026292878178805112
generalization_5k,5,Fear/Distress,0.0,0.0,12,0.7531234192521683,0.011914859098813416
generalization_5k,5,Goal-Directed,0.022727272727272724,0.011868931087888489,12,-0.28135740664340325,0.43098191942183434
generalization_5k,5,Quiescent,0.8863636363636364,0.06039045671883715,12,0.5757575757575757,0.08155281477260244
generalization_5k,5,Social/Appetitive,0.0909090909090909,0.06026072411632881,12,-0.6930123197952736,0.026292878178805112
generalization_5k,6,Fear/Distress,0.0,0.0,12,0.7531234192521683,0.011914859098813416
generalization_5k,6,Goal-Directed,0.030303030303030304,0.012921255536703667,12,-0.28135740664340325,0.43098191942183434
generalization_5k,6,Quiescent,0.9166666666666666,0.039497110079723605,12,0.5757575757575757,0.08155281477260244
generalization_5k,6,Social/Appetitive,0.05303030303030303,0.03787878787878787,12,-0.6930123197952736,0.026292878178805112
generalization_5k,7,Fear/Distress,0.08333333333333333,0.06276292887396295,12,0.7531234192521683,0.011914859098813416
generalization_5k,7,Goal-Directed,0.04545454545454545,0.013705061117171074,12,-0.28135740664340325,0.43098191942183434
generalization_5k,7,Quiescent,0.8106060606060606,0.06276292887396297,12,0.5757575757575757,0.08155281477260244
generalization_5k,7,Social/Appetitive,0.06060606060606061,0.03929846451153472,12,-0.6930123197952736,0.026292878178805112
generalization_5k,8,Fear/Distress,0.022727272727272724,0.02272727272727272,12,0.7531234192521683,0.011914859098813416
generalization_5k,8,Goal-Directed,0.030303030303030304,0.017093214388417155,12,-0.28135740664340325,0.43098191942183434
generalization_5k,8,Quiescent,0.8636363636363636,0.06179954345502633,12,0.5757575757575757,0.08155281477260244
generalization_5k,8,Social/Appetitive,0.08333333333333333,0.06073505555995598,12,-0.6930123197952736,0.026292878178805112
generalization_5k,9,Fear/Distress,0.016666666666666666,0.01666666666666667,12,0.7531234192521683,0.011914859098813416
generalization_5k,9,Goal-Directed,0.041666666666666664,0.019299604852813637,12,-0.28135740664340325,0.43098191942183434
generalization_5k,9,Quiescent,0.8333333333333334,0.07106690545187015,12,0.5757575757575757,0.08155281477260244
generalization_5k,9,Social/Appetitive,0.10833333333333334,0.0743235487513204,12,-0.6930123197952736,0.026292878178805112
generalization_7k,0,Fear/Distress,0.0,0.0,12,0.9141792475183746,0.0002137492562433647
generalization_7k,0,Goal-Directed,0.10606060606060606,0.01515151515151515,12,-0.14770978917519928,0.683842812890721
generalization_7k,0,Quiescent,0.6818181818181818,0.07121358652733094,12,-0.2606060606060606,0.46708905438634024
generalization_7k,0,Social/Appetitive,0.21212121212121213,0.06837285755366862,12,-0.7012325483169698,0.02385050232964144
generalization_7k,1,Fear/Distress,0.0,0.0,12,0.9141792475183746,0.0002137492562433647
generalization_7k,1,Goal-Directed,0.007575757575757576,0.007575757575757578,12,-0.14770978917519928,0.683842812890721
generalization_7k,1,Quiescent,0.7803030303030303,0.06663378853684158,12,-0.2606060606060606,0.46708905438634024
generalization_7k,1,Social/Appetitive,0.21212121212121213,0.06745093414157187,12,-0.7012325483169698,0.02385050232964144
generalization_7k,2,Fear/Distress,0.0,0.0,12,0.9141792475183746,0.0002137492562433647
generalization_7k,2,Goal-Directed,0.030303030303030304,0.012921255536703664,12,-0.14770978917519928,0.683842812890721
generalization_7k,2,Quiescent,0.8863636363636364,0.0318967938757835,12,-0.2606060606060606,0.46708905438634024
generalization_7k,2,Social/Appetitive,0.08333333333333333,0.023627709088716867,12,-0.7012325483169698,0.02385050232964144
generalization_7k,3,Fear/Distress,0.030303030303030304,0.023294124690479017,12,0.9141792475183746,0.0002137492562433647
generalization_7k,3,Goal-Directed,0.022727272727272724,0.011868931087888489,12,-0.14770978917519928,0.683842812890721
generalization_7k,3,Quiescent,0.9015151515151515,0.03056020348806307,12,-0.2606060606060606,0.46708905438634024
generalization_7k,3,Social/Appetitive,0.04545454545454545,0.026243194054073896,12,-0.7012325483169698,0.02385050232964144
generalization_7k,4,Fear/Distress,0.14166666666666666,0.09727992515613815,12,0.9141792475183746,0.0002137492562433647
generalization_7k,4,Goal-Directed,0.041666666666666664,0.01486470975026408,12,-0.14770978917519928,0.683842812890721
generalization_7k,4,Quiescent,0.7416666666666667,0.08999859707099592,12,-0.2606060606060606,0.46708905438634024
generalization_7k,4,Social/Appetitive,0.075,0.042861651999441315,12,-0.7012325483169698,0.02385050232964144
generalization_7k,5,Fear/Distress,0.1818181818181818,0.10071121989218133,12,0.9141792475183746,0.0002137492562433647
generalization_7k,5,Goal-Directed,0.007575757575757576,0.007575757575757578,12,-0.14770978917519928,0.683842812890721
generalization_7k,5,Quiescent,0.7272727272727272,0.0994601002674143,12,-0.2606060606060606,0.46708905438634024
generalization_7k,5,Social/Appetitive,0.08333333333333333,0.05183622194954191,12,-0.7012325483169698,0.02385050232964144
generalization_7k,6,Fear/Distress,0.12878787878787878,0.07627235569386906,12,0.9141792475183746,0.0002137492562433647
generalization_7k,6,Goal-Directed,0.007575757575757576,0.007575757575757578,12,-0.14770978917519928,0.683842812890721
generalization_7k,6,Quiescent,0.8030303030303031,0.07323628120142395,12,-0.2606060606060606,0.46708905438634024
generalization_7k,6,Social/Appetitive,0.06060606060606061,0.02816122355407834,12,-0.7012325483169698,0.02385050232964144
generalization_7k,7,Fear/Distress,0.20454545454545456,0.11084731603912602,12,0.9141792475183746,0.0002137492562433647
generalization_7k,7,Goal-Directed,0.03787878787878788,0.013513372500240073,12,-0.14770978917519928,0.683842812890721
generalization_7k,7,Quiescent,0.7196969696969697,0.10222807922476654,12,-0.2606060606060606,0.46708905438634024
generalization_7k,7,Social/Appetitive,0.03787878787878788,0.030560203488063074,12,-0.7012325483169698,0.02385050232964144
generalization_7k,8,Fear/Distress,0.23484848484848486,0.12332439845530081,12,0.9141792475183746,0.0002137492562433647
generalization_7k,8,Goal-Directed,0.03787878787878788,0.013513372500240073,12,-0.14770978917519928,0.683842812890721
generalization_7k,8,Quiescent,0.6590909090909091,0.1091396814757451,12,-0.2606060606060606,0.46708905438634024
generalization_7k,8,Social/Appetitive,0.06818181818181819,0.03189679387578351,12,-0.7012325483169698,0.02385050232964144
generalization_7k,9,Fear/Distress,0.18333333333333335,0.09911222085712904,12,0.9141792475183746,0.0002137492562433647
generalization_7k,9,Goal-Directed,0.008333333333333333,0.008333333333333335,12,-0.14770978917519928,0.683842812890721
generalization_7k,9,Quiescent,0.75,0.09170109546287279,12,-0.2606060606060606,0.46708905438634024
generalization_7k,9,Social/Appetitive,0.05833333333333333,0.02875795893348835,12,-0.7012325483169698,0.02385050232964144
learning,0,Fear/Distress,0.0,0.0,29,0.937436866561092,6.212522229614878e-05
learning,0,Goal-Directed,0.02548725637181409,0.006297361502672588,29,-0.9146511499786562,0.0002092087789509158
learning,0,Quiescent,0.41679160419790107,0.055203891399518215,29,-0.3939393939393939,0.25999776683488757
learning,0,Social/Appetitive,0.5577211394302849,0.05399085876188227,29,-0.9636363636363635,7.3209748095299185e-06
learning,1,Fear/Distress,0.0,0.0,29,0.937436866561092,6.212522229614878e-05
learning,1,Goal-Directed,0.02548725637181409,0.007634198723761669,29,-0.9146511499786562,0.0002092087789509158
learning,1,Quiescent,0.7016491754122939,0.04540207979926034,29,-0.3939393939393939,0.25999776683488757
learning,1,Social/Appetitive,0.272863568215892,0.04627423244805499,29,-0.9636363636363635,7.3209748095299185e-06
learning,2,Fear/Distress,0.0,0.0,29,0.937436866561092,6.212522229614878e-05
learning,2,Goal-Directed,0.022488755622188907,0.005956707639825822,29,-0.9146511499786562,0.0002092087789509158
learning,2,Quiescent,0.7961019490254873,0.03637034324050436,29,-0.3939393939393939,0.25999776683488757
learning,2,Social/Appetitive,0.18140929535232383,0.03598200899550225,29,-0.9636363636363635,7.3209748095299185e-06
learning,3,Fear/Distress,0.0,0.0,29,0.937436866561092,6.212522229614878e-05
learning,3,Goal-Directed,0.020989505247376312,0.005552144526372123,29,-0.9146511499786562,0.0002092087789509158
learning,3,Quiescent,0.8590704647676163,0.03190722426404888,29,-0.3939393939393939,0.25999776683488757
learning,3,Social/Appetitive,0.1199400299850075,0.03234203615457941,29,-0.9636363636363635,7.3209748095299185e-06
learning,4,Fear/Distress,0.0,0.0,29,0.937436866561092,6.212522229614878e-05
learning,4,Goal-Directed,0.018808777429467082,0.005298772756918598,29,-0.9146511499786562,0.0002092087789509158
learning,4,Quiescent,0.9294670846394983,0.014893228077309355,29,-0.3939393939393939,0.25999776683488757
learning,4,Social/Appetitive,0.05172413793103448,0.014218099298152752,29,-0.9636363636363635,7.3209748095299185e-06
learning,5,Fear/Distress,0.11694152923538231,0.03744268737057881,29,0.937436866561092,6.212522229614878e-05
learning,5,Goal-Directed,0.017991004497751123,0.005068391332704747,29,-0.9146511499786562,0.0002092087789509158
learning,5,Quiescent,0.7871064467766117,0.03567504892168054,29,-0.3939393939393939,0.25999776683488757
learning,5,Social/Appetitive,0.07796101949025487,0.019465526266869596,29,-0.9636363636363635,7.3209748095299185e-06
learning,6,Fear/Distress,0.27136431784107945,0.0682917538348944,29,0.937436866561092,6.212522229614878e-05
learning,6,Goal-Directed,0.013493253373313342,0.004371028406930511,29,-0.9146511499786562,0.0002092087789509158
learning,6,Quiescent,0.6536731634182908,0.06184553825258558,29,-0.3939393939393939,0.25999776683488757
learning,6,Social/Appetitive,0.06146926536731634,0.021525750968947936,29,-0.9636363636363635,7.3209748095299185e-06
learning,7,Fear/Distress,0.44677661169415295,0.07986436325091953,29,0.937436866561092,6.212522229614878e-05
learning,7,Goal-Directed,0.019490254872563718,0.005943215645967706,29,-0.9146511499786562,0.0002092087789509158
learning,7,Quiescent,0.4872563718140929,0.0766662253288929,29,-0.3939393939393939,0.25999776683488757
learning,7,Social/Appetitive,0.046476761619190406,0.02524992495971582,29,-0.9636363636363635,7.3209748095299185e-06
learning,8,Fear/Distress,0.5322338830584707,0.07093371659480427,29,0.937436866561092,6.212522229614878e-05
learning,8,Goal-Directed,0.013493253373313342,0.005751005175454082,29,-0.9146511499786562,0.0002092087789509158
learning,8,Quiescent,0.4302848575712144,0.06845143492975174,29,-0.3939393939393939,0.25999776683488757
learning,8,Social/Appetitive,0.0239880059970015,0.00979032961930983,29,-0.9636363636363635,7.3209748095299185e-06
learning,9,Fear/Distress,0.6379310344827587,0.08047115887472642,29,0.937436866561092,6.212522229614878e-05
learning,9,Goal-Directed,0.007836990595611286,0.003951939676382175,29,-0.9146511499786562,0.0002092087789509158
learning,9,Quiescent,0.3401253918495298,0.07632118384915268,29,-0.3939393939393939,0.25999776683488757
learning,9,Social/Appetitive,0.014106583072100312,0.008767027295321046,29,-0.9636363636363635,7.3209748095299185e-06
renewal,0,Fear/Distress,0.0,0.0,16,0.8181818181818182,0.003814920082550713
renewal,0,Goal-Directed,0.07840909090909091,0.004644336908522607,16,-0.8379092353041679,0.0024713611632489066
renewal,0,Quiescent,0.5700757575757576,0.08811266119086698,16,-0.4545454545454545,0.18690481034933196
renewal,0,Social/Appetitive,0.3515151515151515,0.08787530470282667,16,-0.8303030303030302,0.002940227023279509
renewal,1,Fear/Distress,0.03409090909090909,0.03409090909090909,16,0.8181818181818182,0.003814920082550713
renewal,1,Goal-Directed,0.02922077922077922,0.009847890187079936,16,-0.8379092353041679,0.0024713611632489066
renewal,1,Quiescent,0.825487012987013,0.054939167997376866,16,-0.4545454545454545,0.18690481034933196
renewal,1,Social/Appetitive,0.1112012987012987,0.05116727575261364,16,-0.8303030303030302,0.002940227023279509
renewal,2,Fear/Distress,0.0625,0.0625,16,0.8181818181818182,0.003814920082550713
renewal,2,Goal-Directed,0.02803030303030303,0.00951655075602558,16,-0.8379092353041679,0.0024713611632489066
renewal,2,Quiescent,0.8083333333333333,0.07147463969820175,16,-0.4545454545454545,0.18690481034933196
renewal,2,Social/Appetitive,0.10113636363636364,0.043999327811600326,16,-0.8303030303030302,0.002940227023279509
renewal,3,Fear/Distress,0.1461038961038961,0.0679262371153372,16,0.8181818181818182,0.003814920082550713
renewal,3,Goal-Directed,0.03936688311688312,0.01219830083157493,16,-0.8379092353041679,0.0024713611632489066
renewal,3,Quiescent,0.7832792207792207,0.0728360807692978,16,-0.4545454545454545,0.18690481034933196
renewal,3,Social/Appetitive,0.03125,0.023481746782826635,16,-0.8303030303030302,0.002940227023279509
renewal,4,Fear/Distress,0.38660714285714287,0.10455988706474964,16,0.8181818181818182,0.003814920082550713
renewal,4,Goal-Directed,0.00625,0.00625,16,-0.8379092353041679,0.0024713611632489066
renewal,4,Quiescent,0.5678571428571428,0.10019114385075384,16,-0.4545454545454545,0.18690481034933196
renewal,4,Social/Appetitive,0.039285714285714285,0.0190550580711589,16,-0.8303030303030302,0.002940227023279509
renewal,5,Fear/Distress,0.38901515151515154,0.10426652697331407,16,0.8181818181818182,0.003814920082550713
renewal,5,Goal-Directed,0.0,0.0,16,-0.8379092353041679,0.0024713611632489066
renewal,5,Quiescent,0.6011363636363636,0.10289387692264605,16,-0.4545454545454545,0.18690481034933196
renewal,5,Social/Appetitive,0.00984848484848485,0.006818181818181818,16,-0.8303030303030302,0.002940227023279509
renewal,6,Fear/Distress,0.28084415584415584,0.0919859305767668,16,0.8181818181818182,0.003814920082550713
renewal,6,Goal-Directed,0.0,0.0,16,-0.8379092353041679,0.0024713611632489066
renewal,6,Quiescent,0.6777597402597403,0.08715960340960996,16,-0.4545454545454545,0.18690481034933196
renewal,6,Social/Appetitive,0.041396103896103896,0.019694665318797686,16,-0.8303030303030302,0.002940227023279509
renewal,7,Fear/Distress,0.4276515151515151,0.1135750255331453,16,0.8181818181818182,0.003814920082550713
renewal,7,Goal-Directed,0.0,0.0,16,-0.8379092353041679,0.0024713611632489066
renewal,7,Quiescent,0.5640151515151515,0.11309225798182207,16,-0.4545454545454545,0.18690481034933196
renewal,7,Social/Appetitive,0.008333333333333333,0.00569275042553311,16,-0.8303030303030302,0.002940227023279509
renewal,8,Fear/Distress,0.4460227272727273,0.11777664530316097,16,0.8181818181818182,0.003814920082550713
renewal,8,Goal-Directed,0.004464285714285714,0.004464285714285714,16,-0.8379092353041679,0.0024713611632489066
renewal,8,Quiescent,0.5438311688311688,0.11746862129442082,16,-0.4545454545454545,0.18690481034933196
renewal,8,Social/Appetitive,0.005681818181818182,0.005681818181818183,16,-0.8303030303030302,0.002940227023279509
renewal,9,Fear/Distress,0.29017857142857145,0.08997088295060554,16,0.8181818181818182,0.003814920082550713
renewal,9,Goal-Directed,0.0,0.0,16,-0.8379092353041679,0.0024713611632489066
renewal,9,Quiescent,0.6857142857142857,0.08878430639040039,16,-0.4545454545454545,0.18690481034933196
renewal,9,Social/Appetitive,0.024107142857142855,0.00937854241463615,16,-0.8303030303030302,0.002940227023279509
retest_contextual,0,Fear/Distress,0.0,0.0,12,,
retest_contextual,0,Goal-Directed,0.20833333333333334,0.02809166093596842,12,-0.2140872096444188,0.5525648702128984
retest_contextual,0,Quiescent,0.22916666666666666,0.07189489733372087,12,0.8814630383360936,0.0007468608372274938
retest_contextual,0,Social/Appetitive,0.5625,0.0761589744806178,12,-0.6443798763008685,0.04431151432143619
retest_contextual,1,Fear/Distress,0.0,0.0,12,,
retest_contextual,1,Goal-Directed,0.041666666666666664,0.02809166093596842,12,-0.2140872096444188,0.5525648702128984
retest_contextual,1,Quiescent,0.25,0.11095317057482433,12,0.8814630383360936,0.0007468608372274938
retest_contextual,1,Social/Appetitive,0.7083333333333334,0.10585748948850092,12,-0.6443798763008685,0.04431151432143619
retest_contextual,2,Fear/Distress,0.0,0.0,12,,
retest_contextual,2,Goal-Directed,0.0,0.0,12,-0.2140872096444188,0.5525648702128984
retest_contextual,2,Quiescent,0.19444444444444445,0.09585986311162781,12,0.8814630383360936,0.0007468608372274938
retest_contextual,2,Social/Appetitive,0.8055555555555555,0.09585986311162782,12,-0.6443798763008685,0.04431151432143619
retest_contextual,3,Fear/Distress,0.0,0.0,12,,
retest_contextual,3,Goal-Directed,0.0,0.0,12,-0.2140872096444188,0.5525648702128984
retest_contextual,3,Quiescent,0.25,0.09231861823449956,12,0.8814630383360936,0.0007468608372274938
retest_contextual,3,Social/Appetitive,0.75,0.09231861823449956,12,-0.6443798763008685,0.04431151432143619
retest_contextual,4,Fear/Distress,0.0,0.0,12,,
retest_contextual,4,Goal-Directed,0.0,0.0,12,-0.2140872096444188,0.5525648702128984
retest_contextual,4,Quiescent,0.3888888888888889,0.12866403235209087,12,0.8814630383360936,0.0007468608372274938
retest_contextual,4,Social/Appetitive,0.611111111111111,0.12866403235209087,12,-0.6443798763008685,0.04431151432143619
retest_contextual,5,Fear/Distress,0.0,0.0,12,,
retest_contextual,5,Goal-Directed,0.0,0.0,12,-0.2140872096444188,0.5525648702128984
retest_contextual,5,Quiescent,0.3333333333333333,0.1123666437438737,12,0.8814630383360936,0.0007468608372274938
retest_contextual,5,Social/Appetitive,0.6666666666666666,0.11236664374387369,12,-0.6443798763008685,0.04431151432143619
retest_contextual,6,Fear/Distress,0.0,0.0,12,,
retest_contextual,6,Goal-Directed,0.020833333333333332,0.020833333333333332,12,-0.2140872096444188,0.5525648702128984
retest_contextual,6,Quiescent,0.4791666666666667,0.13574406808476763,12,0.8814630383360936,0.0007468608372274938
retest_contextual,6,Social/Appetitive,0.5,0.14101901870444156,12,-0.6443798763008685,0.04431151432143619
retest_contextual,7,Fear/Distress,0.0,0.0,12,,
retest_contextual,7,Goal-Directed,0.027777777777777776,0.02777777777777778,12,-0.2140872096444188,0.5525648702128984
retest_contextual,7,Quiescent,0.3611111111111111,0.12618684594594937,12,0.8814630383360936,0.0007468608372274938
retest_contextual,7,Social/Appetitive,0.611111111111111,0.12866403235209087,12,-0.6443798763008685,0.04431151432143619
retest_contextual,8,Fear/Distress,0.0,0.0,12,,
retest_contextual,8,Goal-Directed,0.0,0.0,12,-0.2140872096444188,0.5525648702128984
retest_contextual,8,Quiescent,0.5416666666666666,0.11851884732698498,12,0.8814630383360936,0.0007468608372274938
retest_contextual,8,Social/Appetitive,0.4583333333333333,0.11851884732698498,12,-0.6443798763008685,0.04431151432143619
retest_contextual,9,Fear/Distress,0.0,0.0,12,,
retest_contextual,9,Goal-Directed,0.027777777777777776,0.02777777777777778,12,-0.2140872096444188,0.5525648702128984
retest_contextual,9,Quiescent,0.5,0.13914118498945366,12,0.8814630383360936,0.0007468608372274938
retest_contextual,9,Social/Appetitive,0.47222222222222215,0.13268994601433992,12,-0.6443798763008685,0.04431151432143619
retest_cue,0,Fear/Distress,0.0,0.0,12,0.7402521454763437,0.014354624477648778
retest_cue,0,Goal-Directed,0.10606060606060606,0.010215149431261245,12,-0.4800568148193976,0.16025492314552428
retest_cue,0,Quiescent,0.537878787878788,0.09258667927802142,12,0.7963562622208846,0.005836997302932197
retest_cue,0,Social/Appetitive,0.356060606060606,0.09590823138369915,12,-0.8328305948416885,0.002777889272300594
retest_cue,1,Fear/Distress,0.0,0.0,12,0.7402521454763437,0.014354624477648778
retest_cue,1,Goal-Directed,0.022727272727272724,0.01631228551284712,12,-0.4800568148193976,0.16025492314552428
retest_cue,1,Quiescent,0.5606060606060607,0.10245749048772124,12,0.7963562622208846,0.005836997302932197
retest_cue,1,Social/Appetitive,0.4166666666666667,0.10344572706957177,12,-0.8328305948416885,0.002777889272300594
retest_cue,2,Fear/Distress,0.0,0.0,12,0.7402521454763437,0.014354624477648778
retest_cue,2,Goal-Directed,0.022727272727272724,0.01631228551284712,12,-0.4800568148193976,0.16025492314552428
retest_cue,2,Quiescent,0.6363636363636364,0.11575166211655367,12,0.7963562622208846,0.005836997302932197
retest_cue,2,Social/Appetitive,0.3409090909090909,0.12058636687363386,12,-0.8328305948416885,0.002777889272300594
retest_cue,3,Fear/Distress,0.0,0.0,12,0.7402521454763437,0.014354624477648778
retest_cue,3,Goal-Directed,0.030303030303030304,0.012921255536703664,12,-0.4800568148193976,0.16025492314552428
retest_cue,3,Quiescent,0.8409090909090909,0.057195715418717805,12,0.7963562622208846,0.005836997302932197
retest_cue,3,Social/Appetitive,0.12878787878787878,0.04936147930355185,12,-0.8328305948416885,0.002777889272300594
retest_cue,4,Fear/Distress,0.06666666666666667,0.04660168636130211,12,0.7402521454763437,0.014354624477648778
retest_cue,4,Goal-Directed,0.03333333333333333,0.014213381090374032,12,-0.4800568148193976,0.16025492314552428
retest_cue,4,Quiescent,0.7166666666666667,0.09834488889473193,12,0.7963562622208846,0.005836997302932197
retest_cue,4,Social/Appetitive,0.18333333333333335,0.09600610249964175,12,-0.8328305948416885,0.002777889272300594
retest_cue,5,Fear/Distress,0.06818181818181819,0.06818181818181818,12,0.7402521454763437,0.014354624477648778
retest_cue,5,Goal-Directed,0.03787878787878788,0.01754509532073967,12,-0.4800568148193976,0.16025492314552428
retest_cue,5,Quiescent,0.7272727272727272,0.10437463587037263,12,0.7963562622208846,0.005836997302932197
retest_cue,5,Social/Appetitive,0.16666666666666666,0.09417902431940318,12,-0.8328305948416885,0.002777889272300594
retest_cue,6,Fear/Distress,0.06060606060606061,0.06060606060606062,12,0.7402521454763437,0.014354624477648778
retest_cue,6,Goal-Directed,0.030303030303030304,0.017093214388417155,12,-0.4800568148193976,0.16025492314552428
retest_cue,6,Quiescent,0.7575757575757575,0.08763621884620862,12,0.7963562622208846,0.005836997302932197
retest_cue,6,Social/Appetitive,0.15151515151515152,0.07018038128295867,12,-0.8328305948416885,0.002777889272300594
retest_cue,7,Fear/Distress,0.07575757575757576,0.07575757575757576,12,0.7402521454763437,0.014354624477648778
retest_cue,7,Goal-Directed,0.030303030303030304,0.012921255536703667,12,-0.4800568148193976,0.16025492314552428
retest_cue,7,Quiescent,0.787878787878788,0.09317649876191605,12,0.7963562622208846,0.005836997302932197
retest_cue,7,Social/Appetitive,0.10606060606060606,0.0715060460188287,12,-0.8328305948416885,0.002777889272300594
retest_cue,8,Fear/Distress,0.07575757575757576,0.07575757575757576,12,0.7402521454763437,0.014354624477648778
retest_cue,8,Goal-Directed,0.015151515151515152,0.010215149431261242,12,-0.4800568148193976,0.16025492314552428
retest_cue,8,Quiescent,0.7575757575757575,0.0890536081280695,12,0.7963562622208846,0.005836997302932197
retest_cue,8,Social/Appetitive,0.15151515151515152,0.0636298042008325,12,-0.8328305948416885,0.002777889272300594
retest_cue,9,Fear/Distress,0.049999999999999996,0.049999999999999996,12,0.7402521454763437,0.014354624477648778
retest_cue,9,Goal-Directed,0.008333333333333333,0.008333333333333335,12,-0.4800568148193976,0.16025492314552428
retest_cue,9,Quiescent,0.8416666666666667,0.06793304784785524,12,0.7963562622208846,0.005836997302932197
retest_cue,9,Social/Appetitive,0.09999999999999999,0.0492365963917331,12,-0.8328305948416885,0.002777889272300594
retrieval,0,Fear/Distress,0.0,0.0,16,0.9509918346667656,2.37836846477824e-05
retrieval,0,Goal-Directed,0.125,0.0,16,0.06968868015165987,0.8482942034406975
retrieval,0,Quiescent,0.828125,0.019348099605215323,16,-0.6322217654272672,0.04984609950967957
retrieval,0,Social/Appetitive,0.046875,0.019348099605215323,16,-0.8227533512074423,0.003465749500597923
retrieval,1,Fear/Distress,0.05357142857142857,0.05357142857142856,16,0.9509918346667656,2.37836846477824e-05
retrieval,1,Goal-Directed,0.0,0.0,16,0.06968868015165987,0.8482942034406975
retrieval,1,Quiescent,0.9107142857142857,0.055135886556711484,16,-0.6322217654272672,0.04984609950967957
retrieval,1,Social/Appetitive,0.03571428571428571,0.020619652471058063,16,-0.8227533512074423,0.003465749500597923
retrieval,2,Fear/Distress,0.0625,0.0625,16,0.9509918346667656,2.37836846477824e-05
retrieval,2,Goal-Directed,0.0,0.0,16,0.06968868015165987,0.8482942034406975
retrieval,2,Quiescent,0.9107142857142857,0.06237231855918921,16,-0.6322217654272672,0.04984609950967957
retrieval,2,Social/Appetitive,0.026785714285714284,0.01439688883624741,16,-0.8227533512074423,0.003465749500597923
retrieval,3,Fear/Distress,0.0625,0.0625,16,0.9509918346667656,2.37836846477824e-05
retrieval,3,Goal-Directed,0.008928571428571428,0.008928571428571428,16,0.06968868015165987,0.8482942034406975
retrieval,3,Quiescent,0.9017857142857143,0.06215893333381195,16,-0.6322217654272672,0.04984609950967957
retrieval,3,Social/Appetitive,0.026785714285714284,0.01439688883624741,16,-0.8227533512074423,0.003465749500597923
retrieval,4,Fear/Distress,0.0625,0.0625,16,0.9509918346667656,2.37836846477824e-05
retrieval,4,Goal-Directed,0.008928571428571428,0.008928571428571428,16,0.06968868015165987,0.8482942034406975
retrieval,4,Quiescent,0.9196428571428571,0.0625,16,-0.6322217654272672,0.04984609950967957
retrieval,4,Social/Appetitive,0.008928571428571428,0.008928571428571428,16,-0.8227533512074423,0.003465749500597923
retrieval,5,Fear/Distress,0.0859375,0.06527062054439195,16,0.9509918346667656,2.37836846477824e-05
retrieval,5,Goal-Directed,0.015625,0.010673907047874581,16,0.06968868015165987,0.8482942034406975
retrieval,5,Quiescent,0.8984375,0.06476997560276933,16,-0.6322217654272672,0.04984609950967957
retrieval,5,Social/Appetitive,0.0,0.0,16,-0.8227533512074423,0.003465749500597923
retrieval,6,Fear/Distress,0.13392857142857142,0.07430946277899876,16,0.9509918346667656,2.37836846477824e-05
retrieval,6,Goal-Directed,0.008928571428571428,0.008928571428571428,16,0.06968868015165987,0.8482942034406975
retrieval,6,Quiescent,0.8482142857142857,0.0808845128672276,16,-0.6322217654272672,0.04984609950967957
retrieval,6,Social/Appetitive,0.008928571428571428,0.008928571428571428,16,-0.8227533512074423,0.003465749500597923
retrieval,7,Fear/Distress,0.22321428571428573,0.10098894497321338,16,0.9509918346667656,2.37836846477824e-05
retrieval,7,Goal-Directed,0.0,0.0,16,0.06968868015165987,0.8482942034406975
retrieval,7,Quiescent,0.7767857142857143,0.1009889449732134,16,-0.6322217654272672,0.04984609950967957
retrieval,7,Social/Appetitive,0.0,0.0,16,-0.8227533512074423,0.003465749500597923
retrieval,8,Fear/Distress,0.24107142857142858,0.10810579191189508,16,0.9509918346667656,2.37836846477824e-05
retrieval,8,Goal-Directed,0.017857142857142856,0.012198750911856666,16,0.06968868015165987,0.8482942034406975
retrieval,8,Quiescent,0.7410714285714286,0.10612112031481175,16,-0.6322217654272672,0.04984609950967957
retrieval,8,Social/Appetitive,0.0,0.0,16,-0.8227533512074423,0.003465749500597923
retrieval,9,Fear/Distress,0.17857142857142858,0.0809173593712687,16,0.9509918346667656,2.37836846477824e-05
retrieval,9,Goal-Directed,0.008928571428571428,0.008928571428571428,16,0.06968868015165987,0.8482942034406975
retrieval,9,Quiescent,0.8035714285714286,0.07919127795029804,16,-0.6322217654272672,0.04984609950967957
retrieval,9,Social/Appetitive,0.008928571428571428,0.008928571428571428,16,-0.8227533512074423,0.003465749500597923
